5, logged in, 2022-01-14 08:11:32pm
5, logged in, 2022-01-14 08:13:06pm
5, logged in, 2022-01-14 08:13:12pm
5, logged in, 2022-01-14 08:53:30pm
6, logged in, 2022-01-14 08:54:14pm
, added, user, , 2022-01-14 09:03:20pm
, added, user, test new, 2022-01-14 09:05:11pm
, added, user, admin admin, , 2022-01-14 11:57:46pm
, , added, user, admin admin, 2022-01-15 12:03:36am
, 5, logged in, 2022-01-15 10:31:22am
, 12, logged in, 2022-01-15 10:32:25am
, 12, logged in, 2022-01-15 10:33:18am
, 12, logged in, 2022-01-15 10:47:19am
, 12, logged in, 2022-01-15 11:24:50am
, 12, logged in, 2022-01-15 12:14:43pm
admin, 12, logged in, 2022-01-15 12:30:18pm
admin, 12, logged in, 2022-01-15 12:31:08pm
admin, 12, logged in, 2022-01-15 12:31:59pm
admin, 12, logged in, 2022-01-15 12:32:39pm
admin, 12, logged in, 2022-01-15 12:33:53pm
admin, 12, logged in, 2022-01-15 12:34:36pm
, added, user, user user, , 2022-01-15 12:38:50pm
user, 13, logged in, 2022-01-15 12:39:08pm
admin, 12, logged in, 2022-01-15 12:39:35pm
user, 13, logged in, 2022-01-15 01:02:51pm
user, 13, logged in, 2022-01-15 01:28:47pm
user, 13, logged in, 2022-01-15 01:28:59pm
user, 13, logged in, 2022-01-15 02:07:32pm
admin, 12, logged in, 2022-01-15 02:07:40pm
user, 13, logged in, 2022-01-15 09:05:05pm
user, 13, logged in, 2022-01-15 10:05:28pm
admin, 12, logged in, 2022-01-15 10:41:56pm
user, 13, logged in, 2022-01-15 11:36:35pm
user, 13, logged in, 2022-01-15 11:36:44pm
user, 13, logged out, 2022-01-16 12:00:53am
admin, 12, logged in, 2022-01-16 12:08:57am
admin, 12, logged out, 2022-01-16 12:09:05am
admin, 12, logged in, 2022-01-16 12:09:13am
admin, 12, logged out, 2022-01-16 12:14:16am
user, 13, logged in, 2022-01-16 12:15:02am
user, 13, logged out, 2022-01-16 12:15:02am
user, 13, logged in, 2022-01-16 12:16:40am
user, 13, logged out, 2022-01-16 12:16:46am
admin, 12, logged in, 2022-01-16 12:26:02am
admin, 12, logged out, 2022-01-16 12:26:13am
admin, 12, logged in, 2022-01-16 12:26:54am
admin, 12, logged out, 2022-01-16 01:05:28am
user, 13, logged in, 2022-01-16 01:05:45am
user, 13, logged out, 2022-01-16 01:05:48am
user, 13, logged in, 2022-01-16 01:05:50am
user, 13, logged in, 2022-01-16 01:46:52am
user, 13, logged out, 2022-01-16 01:47:53am
user, 13, logged in, 2022-01-16 02:25:51am
admin, 12, logged in, 2022-01-16 02:27:21am
admin, 12, logged in, 2022-01-16 11:39:02am
, 12, added, user, test test, 2022-01-16 11:41:15am
admin, 12, logged out, 2022-01-16 12:02:09pm
user, 13, logged in, 2022-01-16 12:02:11pm
user, 13, logged out, 2022-01-16 12:02:28pm
admin, 12, logged in, 2022-01-16 12:02:34pm
admin, 12, logged out, 2022-01-16 12:04:44pm
user, 13, logged in, 2022-01-16 12:04:49pm
admin, 12, logged in, 2022-01-16 12:06:59pm
admin, 12, added, user, test test, 2022-01-16 12:07:19pm
admin, 12, deleted, user, 15, 2022-01-16 12:11:10pm
admin, 12, added, user, test test, 2022-01-16 12:20:26pm
admin, 12, deleted, user, 16, 2022-01-16 12:20:30pm
admin, 12, added, admin, test test, 2022-01-16 12:20:55pm
admin, 12, deleted, admin, 17, 2022-01-16 12:20:59pm
admin, 12, added, user, test test, 2022-01-16 12:31:20pm
admin, 12, modified, , 18, 2022-01-16 12:31:47pm
admin, 12, modified, user, 18, 2022-01-16 12:42:58pm
admin, 12, logged out, 2022-01-16 12:55:04pm
user, 13, logged in, 2022-01-16 12:55:24pm
user, 13, logged in, 2022-01-16 12:59:52pm
user, 13, logged in, 2022-01-16 01:00:01pm
user, 13, logged in, 2022-01-16 01:01:08pm
user, 13, logged in, 2022-01-16 03:51:56pm
user, 13, logged out, 2022-01-16 03:52:00pm
admin, 12, logged in, 2022-01-16 03:52:10pm
admin, 12, searched, , , 2022-01-16 03:55:01pm
admin, 12, searched, , , 2022-01-16 03:55:32pm
admin, 12, searched, , , 2022-01-16 03:56:00pm
admin, 12, searched, , , 2022-01-16 03:56:02pm
admin, 12, searched, Otmane, , 2022-01-16 06:54:36pm
admin, 12, searched, 1, 2022-01-16 07:04:39pm
admin, 12, added, article, 4, 2022-01-16 07:06:49pm
admin, 12, deleted, article, 4, 2022-01-16 07:10:20pm
admin, 12, added, article, 1, 2022-01-16 07:23:17pm
admin, 12, logged out, 2022-01-16 10:57:42pm
user, 13, logged in, 2022-01-16 10:57:47pm
user, 13, logged in, 2022-01-16 11:03:06pm
admin, 12, logged in, 2022-01-17 12:22:40am
admin, 12, searched, 1, , 2022-01-17 12:40:08am
admin, 12, modified, article, 1, 2022-01-17 12:58:06am
admin, 12, modified, article, 1 -> 1, 2022-01-17 12:59:11am
admin, 12, searched, article, 1, 2022-01-17 01:20:08am
admin, 12, searched, article, test, 2022-01-17 01:27:42am
user, 13, logged in, 2022-01-17 12:25:08pm
user, 13, logged out, 2022-01-17 12:51:16pm
admin, 12, logged in, 2022-01-17 12:51:26pm
admin, 12, added, article, 32143523, 2022-01-17 12:51:55pm
admin, 12, modified nb, article, 32143523, 2022-01-17 12:52:15pm
admin, 12, modified nb, article, 32143523, 2022-01-17 12:53:50pm
admin, 12, modified nb, article, 32143523, 2022-01-17 12:54:16pm
admin, 12, modified nb, article, 1 ,1 -> 1242 ,2022-01-17 12:57:33pm
admin, 12, searched, article, fournisseur : 1, 2022-01-17 12:59:41pm
admin, 12, logged out, 2022-01-17 01:13:01pm
user, 13, logged in, 2022-01-17 01:13:04pm
user, 13, logged out, 2022-01-17 01:48:25pm
admin, 12, logged in, 2022-01-17 01:48:31pm
admin, 12, logged in, 2022-01-17 03:35:55pm
admin, 12, deleted, article, 1, 2022-01-17 03:47:57pm
admin, 12, searched, article, categorie : 1, 2022-01-17 04:03:26pm
admin, 12, searched, article, categorie : 1, 2022-01-17 04:04:15pm
admin, 12, searched, article, categorie : 1, 2022-01-17 04:04:22pm
admin, 12, searched, article, fournisseur : , 2022-01-17 04:04:52pm
admin, 12, searched, article, fournisseur : , 2022-01-17 06:53:05pm
admin, 12, searched, article, fournisseur : test, 2022-01-17 06:53:05pm
admin, 12, searched, article, categorie : 1, 2022-01-17 06:53:09pm
admin, 12, searched, article, fournisseur : 1, 2022-01-17 06:53:18pm
admin, 12, searched, article, categorie : 2, 2022-01-17 06:53:26pm
admin, 12, searched, article, fournisseur : 2, 2022-01-17 06:53:30pm
admin, 12, searched, article, categorie : 1, 2022-01-17 06:53:34pm
admin, 12, searched, article, fournisseur : 1, 2022-01-17 06:53:38pm
admin, 12, searched, article, categorie : , 2022-01-17 06:55:18pm
admin, 12, searched, article, categorie : test, 2022-01-17 06:55:18pm
admin, 12, searched, article, categorie : , 2022-01-17 06:59:40pm
admin, 12, searched, article, categorie : test, 2022-01-17 06:59:40pm
admin, 12, searched, article, categorie : , 2022-01-17 06:59:42pm
admin, 12, searched, article, categorie : test, 2022-01-17 06:59:42pm
admin, 12, searched, article, categorie : , 2022-01-17 06:59:45pm
admin, 12, searched, article, categorie : test, 2022-01-17 06:59:45pm
admin, 12, searched, article, fournisseur : , 2022-01-17 07:03:44pm
admin, 12, searched, article, fournisseur : , 2022-01-17 07:04:02pm
admin, 12, searched, article, categorie : , 2022-01-17 07:07:48pm
admin, 12, searched, article, categorie : test, 2022-01-17 07:07:48pm
admin, 12, searched, article, categorie : , 2022-01-17 07:21:04pm
admin, 12, searched, article, categorie : test, 2022-01-17 07:21:04pm
admin, 12, searched, categorie, test, 2022-01-17 07:24:08pm
admin, 12, searched, article, categorie : , 2022-01-17 07:50:46pm
admin, 12, searched, article, categorie : test, 2022-01-17 07:50:46pm
admin, 12, searched, article, fournisseur : 1, 2022-01-17 07:51:34pm
admin, 12, searched, article, categorie : 2, 2022-01-17 07:51:46pm
admin, 12, searched, article, categorie : 3, 2022-01-17 07:51:55pm
admin, 12, searched, article, categorie : 1, 2022-01-17 07:52:00pm
admin, 12, searched, article, categorie : 3, 2022-01-17 07:53:27pm
admin, 12, searched, article, categorie : , 2022-01-17 08:01:41pm
admin, 12, searched, article, categorie : test, 2022-01-17 08:01:41pm
admin, 12, searched, article, categorie : , 2022-01-17 08:02:02pm
admin, 12, searched, article, categorie : test, 2022-01-17 08:02:02pm
admin, 12, searched, article, categorie : , 2022-01-17 08:04:10pm
admin, 12, searched, article, categorie : test, 2022-01-17 08:04:10pm
admin, 12, searched, article, categorie : , 2022-01-17 08:04:12pm
admin, 12, searched, article, categorie : test, 2022-01-17 08:04:12pm
admin, 12, logged out, 2022-01-17 08:37:18pm
admin, 12, logged in, 2022-01-17 08:37:56pm
admin, 12, logged out, 2022-01-17 08:38:01pm
user, 13, logged in, 2022-01-17 08:38:07pm
user, 13, logged out, 2022-01-17 08:58:17pm
admin, 12, logged in, 2022-01-17 08:58:23pm
admin, 12, logged out, 2022-01-17 08:59:39pm
admin, 12, logged in, 2022-01-17 09:02:34pm
admin, 12, logged out, 2022-01-17 09:04:53pm
user, 13, logged in, 2022-01-17 09:06:49pm
admin, 12, logged in, 2022-01-17 09:08:00pm
user, 13, logged in, 2022-01-18 12:54:56am
user, 13, logged out, 2022-01-18 12:56:39am
admin, 12, logged in, 2022-01-18 01:03:01am
user, 13, logged in, 2022-01-18 08:56:12am
admin, 12, logged in, 2022-01-18 09:05:12am
user, 13, logged in, 2022-01-18 09:11:13am
user, 13, logged out, 2022-01-18 09:11:38am
admin, 12, logged in, 2022-01-18 09:11:45am
admin, 12, modified, admin, 12, 2022-01-18 09:12:16am
admin, 12, logged out, 2022-01-18 09:13:00am
admin, 12, logged in, 2022-01-18 09:13:06am
user, 13, logged in, 2022-01-18 09:43:49am
user, 13, logged out, 2022-01-18 09:43:59am
admin, 12, logged in, 2022-01-18 09:44:05am
admin, 12, modified, user, 13, 2022-01-18 09:45:21am
admin, 12, logged out, 2022-01-18 10:01:57am
user, 13, logged in, 2022-01-18 10:01:59am
user, 13, searched, categorie, 1, 2022-01-18 10:20:47am
user, 13, searched, categorie, 1, 2022-01-18 10:21:14am
user, 13, searched, categorie, 1, 2022-01-18 10:21:51am
user, 13, searched, categorie, 1, 2022-01-18 10:22:11am
user, 13, searched, categorie, 1, 2022-01-18 10:36:58am
user, 13, searched, article, 1, 2022-01-18 10:59:31am
user, 13, searched, article, 1, 2022-01-18 10:59:56am
user, 13, searched, article, 1, 2022-01-18 11:00:09am
user, 13, searched, article, 1, 2022-01-18 11:03:22am
user, 13, searched, article, 1, 2022-01-18 11:03:47am
user, 13, searched, article, 1, 2022-01-18 11:03:48am
user, 13, searched, article, 1, 2022-01-18 11:03:59am
user, 13, searched, article, 1, 2022-01-18 11:04:00am
user, 13, searched, article, 1, 2022-01-18 11:04:37am
user, 13, logged out, 2022-01-18 12:00:26pm
admin, 12, logged in, 2022-01-18 12:00:46pm
admin, 12, searched, categorie, 1, 2022-01-18 12:13:22pm
admin, 12, logged in, 2022-01-18 12:14:12pm
admin, 12, searched, article, tes, 2022-01-18 12:15:18pm
admin, 12, searched, article, 1, 2022-01-18 12:51:56pm
admin, 12, logged out, 2022-01-18 01:33:16pm
user, 13, logged in, 2022-01-18 01:45:24pm
user, 13, logged out, 2022-01-18 01:45:46pm
admin, 12, logged in, 2022-01-18 01:49:27pm
admin, 12, logged in, 2022-01-18 01:50:51pm
admin, 12, logged out, 2022-01-18 01:51:14pm
admin, 12, logged in, 2022-01-18 01:51:36pm
admin, 12, logged out, 2022-01-18 01:56:46pm
admin, 12, logged in, 2022-01-18 01:57:01pm
admin, 12, logged in, 2022-01-18 01:58:00pm
admin, 12, logged out, 2022-01-18 02:19:17pm
user, 13, logged in, 2022-01-18 02:19:40pm
user, 13, logged out, 2022-01-18 03:47:59pm
admin, 12, logged in, 2022-01-18 03:48:11pm
admin, 12, logged out, 2022-01-18 03:48:44pm
user, 13, logged in, 2022-01-18 04:35:41pm
user, 13, logged out, 2022-01-18 04:49:09pm
user, 13, logged in, 2022-01-18 06:56:25pm
user, 13, logged out, 2022-01-18 06:56:34pm
admin, 12, logged in, 2022-01-18 06:56:40pm
admin, 12, logged out, 2022-01-18 07:19:32pm
admin, 12, logged in, 2022-01-18 07:21:02pm
admin, 12, logged in, 2022-01-18 08:23:46pm
admin, 12, logged in, 2022-01-18 09:09:42pm
admin, 12, logged out, 2022-01-18 09:15:39pm
admin, 12, logged in, 2022-01-18 09:16:00pm
admin, 12, logged in, 2022-01-19 09:54:36am
admin, 12, logged out, 2022-01-19 09:56:51am
admin, 12, logged in, 2022-01-19 09:57:30am
admin, 12, searched, article, fournisseur : 1, 2022-01-19 10:14:56am
admin, 12, searched, article, fournisseur : 1, 2022-01-19 10:15:00am
admin, 12, searched, article, fournisseur : 1, 2022-01-19 10:15:01am
admin, 12, searched, article, fournisseur : 1, 2022-01-19 10:15:28am
admin, 12, searched, article, fournisseur : 1, 2022-01-19 10:16:23am
admin, 12, searched, article, fournisseur : 1, 2022-01-19 10:17:07am
admin, 12, searched, article, fournisseur : 1, 2022-01-19 10:19:49am
admin, 12, searched, article, fournisseur : 2, 2022-01-19 10:20:02am
admin, 12, searched, article, fournisseur : 1, 2022-01-19 10:20:05am
admin, 12, searched, article, fournisseur : 1, 2022-01-19 10:26:36am
admin, 12, searched, article, fournisseur : test, 2022-01-19 11:02:26am
admin, 12, searched, article, fournisseur : test, 2022-01-19 11:03:18am
admin, 12, searched, article, fournisseur : test, 2022-01-19 11:05:41am
admin, 12, logged in, 2022-01-19 11:06:38am
admin, 12, searched, article, fournisseur : test, 2022-01-19 11:07:53am
admin, 12, searched, article, fournisseur : Heath, 2022-01-19 11:08:00am
admin, 12, searched, article, fournisseur : Heath, 2022-01-19 11:08:39am
admin, 12, searched, article, fournisseur : Heath, 2022-01-19 11:08:57am
admin, 12, searched, article, fournisseur : Heath, 2022-01-19 11:09:10am
admin, 12, searched, fournisseur, Nom_Prenom : test, 2022-01-19 11:15:26am
admin, 12, searched, fournisseur, CIN : 123, 2022-01-19 11:15:29am
admin, 12, searched, fournisseur, CIN : test, 2022-01-19 11:15:36am
admin, 12, searched, fournisseur, Nom_Prenom : Heath, 2022-01-19 11:15:42am
admin, 12, searched, fournisseur, Nom_Prenom : Heath, 2022-01-19 11:25:02am
admin, 12, searched, fournisseur, ID : 1, 2022-01-19 11:25:05am
admin, 12, searched, fournisseur, ID : 1, 2022-01-19 11:25:09am
admin, 12, searched, article, fournisseur : test, 2022-01-19 11:25:49am
admin, 12, searched, article, fournisseur : Heath, 2022-01-19 11:25:54am
admin, 12, searched, article, fournisseur : 32143523, 2022-01-19 11:26:07am
admin, 12, searched, article, fournisseur : 32143523, 2022-01-19 11:26:09am
admin, 12, searched, article, fournisseur : 32143523, 2022-01-19 11:26:14am
admin, 12, searched, article, fournisseur : 1, 2022-01-19 11:26:21am
admin, 12, searched, categorie, 1, 2022-01-19 11:27:51am
admin, 12, searched, categorie, test, 2022-01-19 11:27:59am
admin, 12, logged out, 2022-01-19 11:33:37am
admin, 12, logged in, 2022-01-19 11:34:45am
admin, 12, logged in, 2022-01-19 12:06:02pm
admin, 12, logged out, 2022-01-19 12:17:27pm
user, 13, logged in, 2022-01-19 12:17:45pm
user, 13, logged out, 2022-01-19 12:18:09pm
admin, 12, logged in, 2022-01-19 12:18:17pm
admin, 12, logged out, 2022-01-19 12:23:02pm
user, 13, logged in, 2022-01-19 12:23:03pm
user, 13, logged out, 2022-01-19 12:23:08pm
admin, 12, logged in, 2022-01-19 12:26:56pm
user, 13, logged in, 2022-01-19 12:31:50pm
user, 13, searched, article, fournisseur : 1, 2022-01-19 12:37:05pm
user, 13, searched, article, fournisseur : 1, 2022-01-19 12:37:39pm
user, 13, searched, article, fournisseur : 1, 2022-01-19 12:37:59pm
user, 13, searched, article, fournisseur : , 2022-01-19 12:39:32pm
admin, 12, logged in, 2022-01-19 12:40:56pm
admin, 12, searched, article, fournisseur : 1, 2022-01-19 12:51:18pm
admin, 12, logged out, 2022-01-19 01:14:49pm
admin, 12, logged in, 2022-01-19 01:14:56pm
admin, 12, logged in, 2022-01-19 01:28:18pm
admin, 12, logged out, 2022-01-19 02:40:03pm
admin, 12, logged in, 2022-01-19 02:40:29pm
admin, 12, logged in, 2022-01-19 03:08:32pm
admin, 12, logged out, 2022-01-19 03:13:42pm
admin, 12, logged in, 2022-01-19 03:34:17pm
admin, 12, logged out, 2022-01-19 04:53:31pm
user, 13, logged in, 2022-01-19 04:54:25pm
user, 13, logged in, 2022-01-19 04:54:28pm
user, 13, logged out, 2022-01-19 04:54:37pm
admin, 12, logged in, 2022-01-19 04:54:43pm
user, 13, logged in, 2022-01-19 04:55:15pm
admin, 12, logged in, 2022-01-19 05:12:19pm
admin, 12, searched, article, 1, 2022-01-19 05:51:31pm
admin, 12, searched, article, 1, 2022-01-19 05:52:57pm
admin, 12, searched, article, 1, 2022-01-19 05:52:59pm
admin, 12, searched, article, 1, 2022-01-19 05:53:12pm
admin, 12, searched, article, 1, 2022-01-19 05:53:24pm
admin, 12, searched, article, 1, 2022-01-19 05:53:25pm
admin, 12, searched, article, 1, 2022-01-19 05:53:27pm
admin, 12, searched, article, 1, 2022-01-19 05:54:22pm
admin, 12, searched, article, 1, 2022-01-19 05:54:23pm
admin, 12, searched, article, 1, 2022-01-19 05:54:31pm
admin, 12, searched, article, 32143523, 2022-01-19 05:54:46pm
admin, 12, searched, article, 32143523, 2022-01-19 05:54:56pm
admin, 12, searched, article, 32143523, 2022-01-19 05:54:58pm
admin, 12, searched, article, 32143523, 2022-01-19 05:55:28pm
admin, 12, searched, article, 32143523, 2022-01-19 05:55:55pm
admin, 12, searched, article, 32143523, 2022-01-19 05:56:01pm
admin, 12, searched, article, 32143523, 2022-01-19 05:56:04pm
admin, 12, searched, article, 32143523, 2022-01-19 05:56:06pm
admin, 12, searched, article, 32143523, 2022-01-19 05:56:39pm
admin, 12, searched, article, 32143523, 2022-01-19 05:56:40pm
admin, 12, searched, article, 32143523, 2022-01-19 05:56:49pm
admin, 12, searched, article, 32143523, 2022-01-19 05:56:52pm
admin, 12, searched, article, 32143523, 2022-01-19 05:57:02pm
admin, 12, searched, article, 32143523, 2022-01-19 05:57:15pm
admin, 12, logged out, 2022-01-19 05:57:44pm
admin, 12, logged in, 2022-01-19 05:57:50pm
admin, 12, searched, article, fournisseur : 1, 2022-01-19 06:00:29pm
admin, 12, logged out, 2022-01-19 06:17:11pm
user, 13, logged in, 2022-01-19 06:17:15pm
user, 13, logged out, 2022-01-19 06:46:47pm
admin, 12, logged in, 2022-01-19 06:46:56pm
admin, 12, logged in, 2022-01-19 09:02:09pm
admin, 12, logged out, 2022-01-19 09:02:53pm
user, 13, logged in, 2022-01-19 09:02:57pm
user, 13, logged out, 2022-01-19 09:13:51pm
admin, 12, logged in, 2022-01-19 09:14:06pm
admin, 12, logged out, 2022-01-19 09:15:48pm
admin, 12, logged in, 2022-01-19 09:16:01pm
admin, 12, logged in, 2022-01-19 11:49:03pm
admin, 12, logged in, 2022-01-20 09:16:37am
admin, 12, searched, article, 1, 2022-01-20 09:17:29am
admin, 12, searched, article, test, 2022-01-20 09:17:40am
admin, 12, logged out, 2022-01-20 09:18:02am
admin, 12, logged in, 2022-01-20 09:26:55am
admin, 12, logged out, 2022-01-20 09:27:20am
user, 18, logged in, 2022-01-20 09:27:26am
user, 18, logged out, 2022-01-20 09:27:38am
user, 13, logged in, 2022-01-20 09:33:24am
user, 13, logged out, 2022-01-20 09:42:23am
admin, 12, logged in, 2022-01-20 09:42:34am
admin, 12, searched, categorie, 1, 2022-01-20 09:46:42am
admin, 12, searched, categorie, test, 2022-01-20 09:46:53am
admin, 12, searched, article, categorie : 1, 2022-01-20 09:50:21am
admin, 12, searched, article, categorie : 1, 2022-01-20 09:50:28am
admin, 12, searched, article, categorie : 1, 2022-01-20 09:50:42am
admin, 12, searched, article, categorie : 1, 2022-01-20 09:50:59am
admin, 12, searched, article, categorie : 1, 2022-01-20 09:51:13am
admin, 12, searched, article, categorie : 1, 2022-01-20 09:52:59am
admin, 12, searched, article, categorie : , 2022-01-20 09:53:49am
admin, 12, searched, article, categorie : , 2022-01-20 09:53:49am
admin, 12, searched, article, categorie : , 2022-01-20 09:56:29am
admin, 12, searched, article, categorie : test, 2022-01-20 09:56:29am
admin, 12, searched, article, fournisseur : Heath, 2022-01-20 09:59:29am
admin, 12, searched, article, fournisseur : test, 2022-01-20 09:59:33am
admin, 12, searched, article, categorie : 1, 2022-01-20 10:01:19am
admin, 12, searched, article, categorie : 1, 2022-01-20 10:02:12am
admin, 12, searched, fournisseur, ID : 1, 2022-01-20 10:05:37am
admin, 12, searched, fournisseur, CIN : , 2022-01-20 10:05:54am
admin, 12, searched, fournisseur, CIN : , 2022-01-20 10:06:45am
admin, 12, searched, fournisseur, CIN : , 2022-01-20 10:07:13am
admin, 12, searched, fournisseur, CIN : , 2022-01-20 10:07:16am
admin, 12, searched, fournisseur, CIN : , 2022-01-20 10:07:17am
admin, 12, searched, fournisseur, CIN : test, 2022-01-20 10:11:56am
admin, 12, searched, fournisseur, Nom_Prenom : Heath, 2022-01-20 10:12:02am
admin, 12, searched, fournisseur, Nom_Prenom : Heath, 2022-01-20 10:12:49am
admin, 12, searched, fournisseur, ID : 1, 2022-01-20 10:13:02am
admin, 12, searched, fournisseur, CIN : ID123456, 2022-01-20 10:13:11am
admin, 12, searched, fournisseur, CIN : ID12345, 2022-01-20 10:13:14am
admin, 12, searched, fournisseur, ID : 1, 2022-01-20 10:13:17am
admin, 12, searched, fournisseur, ID : 1, 2022-01-20 10:13:36am
admin, 12, searched, categorie, 1, 2022-01-20 10:29:36am
admin, 12, searched, categorie, 1, 2022-01-20 10:30:54am
admin, 12, searched, categorie, 1, 2022-01-20 10:30:56am
admin, 12, searched, categorie, 1, 2022-01-20 10:31:38am
admin, 12, searched, categorie, test, 2022-01-20 10:35:50am
admin, 12, logged out, 2022-01-20 10:36:02am
admin, 12, logged in, 2022-01-20 10:36:10am
admin, 12, added, fournisseur, Charles Manson, 2022-01-20 10:39:58am
admin, 12, searched, fournisseur, ID : 1, 2022-01-20 10:48:43am
admin, 12, searched, fournisseur, Nom_Prenom : 2, 2022-01-20 10:48:47am
admin, 12, searched, fournisseur, Nom_Prenom : Heath, 2022-01-20 10:48:52am
admin, 12, searched, fournisseur, Nom_Prenom : Heath, 2022-01-20 10:49:37am
admin, 12, logged out, 2022-01-20 10:53:25am
user, 13, logged in, 2022-01-20 10:53:39am
admin, 12, logged in, 2022-01-20 10:53:58am
admin, 12, searched, user, 1, 2022-01-20 11:00:11am
admin, 12, searched, user, Otmane, 2022-01-20 11:02:58am
admin, 12, searched, user, Otmane Fatteh, 2022-01-20 11:03:10am
admin, 12, searched, user, Otmane Fatteh, 2022-01-20 11:03:27am
admin, 12, searched, user, Otmane Fatteh, 2022-01-20 11:03:47am
admin, 12, searched, user, Otmane Fatteh, 2022-01-20 11:03:55am
admin, 12, searched, user, Otmane Fatteh, 2022-01-20 11:03:56am
admin, 12, logged in, 2022-01-20 11:29:29am
admin, 12, logged out, 2022-01-20 11:43:22am
admin, 12, logged in, 2022-01-20 11:44:05am
admin, 12, added, fournisseur, Bing Chandler, 2022-01-20 12:05:11pm
admin, 12, logged out, 2022-01-20 12:40:39pm
user, 13, logged in, 2022-01-20 12:40:42pm
user, 13, logged out, 2022-01-20 01:17:39pm
user, 13, logged in, 2022-01-20 01:17:43pm
user, 13, logged out, 2022-01-20 01:47:08pm
admin, 12, logged in, 2022-01-20 01:47:15pm
admin, 12, logged out, 2022-01-20 01:48:24pm
admin, 12, logged in, 2022-01-20 01:48:30pm
admin, 12, modified, fournisseur, 5, 2022-01-20 01:56:41pm
admin, 12, searched, article, 1, 2022-01-20 02:48:17pm
admin, 12, searched, article, 2, 2022-01-20 02:48:19pm
admin, 12, searched, article, test, 2022-01-20 02:48:31pm
admin, 12, searched, article, test, 2022-01-20 02:52:50pm
admin, 12, searched, article, test, 2022-01-20 02:54:29pm
admin, 12, searched, article, test, 2022-01-20 02:54:59pm
admin, 12, searched, article, test, 2022-01-20 02:55:03pm
admin, 12, searched, article, test, 2022-01-20 02:55:27pm
admin, 12, searched, article, test, 2022-01-20 02:55:28pm
admin, 12, searched, article, test, 2022-01-20 02:56:07pm
admin, 12, searched, article, test, 2022-01-20 02:56:08pm
admin, 12, searched, article, test, 2022-01-20 02:56:11pm
admin, 12, searched, article, test, 2022-01-20 02:56:27pm
admin, 12, searched, article, test, 2022-01-20 02:56:29pm
admin, 12, searched, article, test, 2022-01-20 02:57:09pm
admin, 12, searched, article, test, 2022-01-20 02:57:10pm
admin, 12, searched, article, test, 2022-01-20 02:57:15pm
admin, 12, searched, article, test, 2022-01-20 02:57:17pm
admin, 12, searched, article, test, 2022-01-20 02:57:26pm
admin, 12, searched, article, test, 2022-01-20 02:57:27pm
admin, 12, searched, article, test, 2022-01-20 02:58:14pm
admin, 12, searched, article, test, 2022-01-20 02:59:50pm
admin, 12, searched, article, test, 2022-01-20 02:59:51pm
admin, 12, searched, article, test, 2022-01-20 02:59:55pm
admin, 12, searched, article, test, 2022-01-20 03:00:04pm
admin, 12, searched, article, test, 2022-01-20 03:00:05pm
admin, 12, searched, article, test, 2022-01-20 03:00:09pm
admin, 12, searched, article, test, 2022-01-20 03:00:10pm
admin, 12, searched, article, test, 2022-01-20 03:00:13pm
admin, 12, searched, article, test, 2022-01-20 03:01:35pm
admin, 12, searched, article, test, 2022-01-20 03:01:39pm
admin, 12, searched, article, test, 2022-01-20 03:01:43pm
admin, 12, searched, article, test, 2022-01-20 03:01:44pm
admin, 12, searched, article, test, 2022-01-20 03:02:15pm
admin, 12, searched, article, test, 2022-01-20 03:02:41pm
admin, 12, searched, article, test, 2022-01-20 03:02:42pm
admin, 12, searched, article, test, 2022-01-20 03:02:49pm
admin, 12, searched, article, test, 2022-01-20 03:04:11pm
admin, 12, searched, article, test, 2022-01-20 03:05:54pm
admin, 12, searched, article, test, 2022-01-20 03:05:55pm
admin, 12, searched, article, test, 2022-01-20 03:06:07pm
admin, 12, searched, article, test, 2022-01-20 03:06:08pm
admin, 12, searched, article, test, 2022-01-20 03:06:14pm
admin, 12, searched, article, test, 2022-01-20 03:06:37pm
admin, 12, searched, article, test, 2022-01-20 03:07:09pm
admin, 12, searched, article, fournisseur : 1, 2022-01-20 03:07:17pm
admin, 12, searched, article, fournisseur : 1, 2022-01-20 03:07:41pm
admin, 12, logged out, 2022-01-20 03:25:09pm
user, 13, logged in, 2022-01-20 03:29:15pm
user, 13, logged out, 2022-01-20 03:29:33pm
user, 13, logged in, 2022-01-20 03:29:34pm
user, 13, logged out, 2022-01-20 03:29:46pm
admin, 12, logged in, 2022-01-20 03:29:55pm
admin, 12, logged out, 2022-01-20 03:29:59pm
admin, 12, logged in, 2022-01-20 04:01:21pm
user, 13, logged in, 2022-01-20 04:33:10pm
user, 13, logged out, 2022-01-20 04:33:14pm
admin, 12, logged in, 2022-01-20 04:33:20pm
admin, 12, logged, , 1, 2022-01-20 08:08:39pm
admin, 12, logged, , 13, 2022-01-20 08:08:45pm
admin, 12, logged, , 18, 2022-01-20 08:09:00pm
admin, 12, logged, , 18, 2022-01-20 08:24:36pm
admin, 12, logged, , 1, 2022-01-20 09:04:13pm
admin, 12, logged, , 18, 2022-01-20 09:04:15pm
admin, 12, logged, , 111, 2022-01-20 09:04:19pm
admin, 12, logged, , 12, 2022-01-20 09:04:32pm
admin, 12, logged, , 1, 2022-01-20 09:07:14pm
admin, 12, logged, , Otmane Fatteh, 2022-01-20 09:20:04pm
admin, 12, logged, , Otmane Fatteh, 2022-01-20 09:20:18pm
admin, 12, logged, , 13, 2022-01-20 09:25:53pm
admin, 12, logged, , 13, 2022-01-20 09:26:35pm
admin, 12, logged, , 13, 2022-01-20 09:27:41pm
admin, 12, logged, , 13, 2022-01-20 09:28:02pm
admin, 12, logged, , 13, 2022-01-20 09:28:11pm
admin, 12, logged, , 13, 2022-01-20 09:28:11pm
admin, 12, logged, , 18, 2022-01-20 09:28:27pm
admin, 12, logged, , 13, 2022-01-20 09:29:03pm
admin, 12, logged, , 13, 2022-01-20 09:29:08pm
admin, 12, logged, , 13, 2022-01-20 09:29:09pm
admin, 12, logged, , 13, 2022-01-20 09:29:09pm
admin, 12, logged, , 13, 2022-01-20 09:29:09pm
admin, 12, logged, , 13, 2022-01-20 09:29:14pm
admin, 12, logged, , 13, 2022-01-20 09:29:14pm
admin, 12, logged, , 13, 2022-01-20 09:29:15pm
admin, 12, logged, , 13, 2022-01-20 09:29:15pm
admin, 12, logged, , 13, 2022-01-20 09:29:15pm
admin, 12, logged, , 13, 2022-01-20 09:29:15pm
admin, 12, logged, , 13, 2022-01-20 09:29:16pm
admin, 12, logged, , 13, 2022-01-20 09:29:16pm
admin, 12, logged, , 13, 2022-01-20 09:29:16pm
admin, 12, logged, , 13, 2022-01-20 09:29:46pm
admin, 12, logged, , 13, 2022-01-20 09:29:46pm
admin, 12, logged, , 13, 2022-01-20 09:29:47pm
admin, 12, logged, , 13, 2022-01-20 09:29:47pm
admin, 12, logged, , 13, 2022-01-20 09:29:47pm
admin, 12, logged, , 13, 2022-01-20 09:30:07pm
admin, 12, logged, , 13, 2022-01-20 09:30:07pm
admin, 12, logged, , 13, 2022-01-20 09:30:18pm
admin, 12, logged, , 12, 2022-01-20 09:30:24pm
admin, 12, logged out, 2022-01-20 09:30:43pm
admin, 12, logged in, 2022-01-20 09:41:44pm
admin, 12, logged, , 1, 2022-01-20 09:43:45pm
admin, 12, logged out, 2022-01-20 09:57:29pm
admin, 12, logged in, 2022-01-20 09:57:34pm
admin, 12, logged out, 2022-01-20 09:58:15pm
user, 13, logged in, 2022-01-20 09:58:18pm
user, 13, logged out, 2022-01-20 11:10:53pm
admin, 12, logged in, 2022-01-20 11:11:00pm
admin, 12, searched, fournisseur, ID : 1, 2022-01-20 11:16:17pm
admin, 12, searched, fournisseur, ID : 1, 2022-01-20 11:17:23pm
admin, 12, searched, article, fournisseur : 1, 2022-01-20 11:36:53pm
admin, 12, logged, , 18, 2022-01-21 12:27:19am
admin, 12, searched, article, categorie : 1, 2022-01-21 12:42:44am
admin, 12, logged out, 2022-01-21 12:47:00am
admin, 12, logged in, 2022-01-21 12:47:49am
admin, 12, logged, , Otmane Fatteh, 2022-01-21 12:50:53am
admin, 12, logged, , Otmane Fatteh, 2022-01-21 12:55:42am
admin, 12, logged, , Otmane Fatteh, 2022-01-21 12:56:41am
admin, 12, logged, , Otmane Fatteh, 2022-01-21 01:02:32am
admin, 12, logged, , Otmane Fatteh, 2022-01-21 01:02:34am
admin, 12, logged, , 1, 2022-01-21 01:14:00am
admin, 12, logged out, 2022-01-21 01:34:46am
admin, 12, logged in, 2022-01-21 01:37:06am
admin, 12, logged in, 2022-01-21 11:46:59am
admin, 12, logged, , 13, 2022-01-21 11:50:45am
admin, 12, logged out, 2022-01-21 01:07:07pm
admin, 12, logged in, 2022-01-21 01:08:19pm
admin, 12, logged, , 18, 2022-01-21 01:30:35pm
admin, 12, logged, , 12, 2022-01-21 01:30:45pm
admin, 12, logged out, 2022-01-21 01:53:20pm
admin, 12, logged in, 2022-01-21 01:54:57pm
admin, 12, logged out, 2022-01-21 02:11:55pm
admin, 12, logged in, 2022-01-21 02:12:03pm
admin, 12, logged, , 12, 2022-01-21 02:12:47pm
admin, 12, searched, article, fournisseur : 1, 2022-01-21 02:16:35pm
admin, 12, searched, article, fournisseur : Heath, 2022-01-21 02:16:45pm
admin, 12, searched, article, fournisseur : Heath, 2022-01-21 02:17:15pm
admin, 12, logged, , 18, 2022-01-21 02:19:13pm
admin, 12, logged, , 13, 2022-01-21 02:19:17pm
admin, 12, logged, , Otmane Fatteh, 2022-01-21 02:19:32pm
admin, 12, logged, , 12, 2022-01-21 02:24:01pm
admin, 12, logged out, 2022-01-21 02:29:57pm
user, 13, logged in, 2022-01-21 02:30:10pm
user, 13, logged out, 2022-01-21 02:30:21pm
admin, 12, logged in, 2022-01-21 02:30:26pm
admin, 12, logged out, 2022-01-21 02:36:50pm
admin, 12, logged in, 2022-01-21 02:37:00pm
admin, 12, logged out, 2022-01-21 02:43:19pm
admin, 12, logged in, 2022-01-21 02:48:06pm
admin, 12, logged out, 2022-01-21 02:48:47pm
admin, 12, logged in, 2022-01-21 02:54:06pm
admin, 12, logged out, 2022-01-21 03:41:50pm
admin, 12, logged in, 2022-01-21 04:30:58pm
admin, 12, added, article, 325435, 2022-01-21 09:06:34pm
admin, 12, deleted, article, 1, 2022-01-21 09:09:39pm
admin, 12, added, article, 1, 2022-01-21 09:10:08pm
admin, 12, deleted, article, 2, 2022-01-21 09:17:20pm
admin, 12, added, article, 1, 2022-01-21 09:17:50pm
admin, 12, deleted, article, 3, 2022-01-21 09:18:22pm
admin, 12, added, article, 1, 2022-01-21 09:18:46pm
admin, 12, deleted, article, 4, 2022-01-21 09:20:29pm
admin, 12, added, article, 1, 2022-01-21 09:20:51pm
admin, 12, logged in, 2022-01-21 11:08:53pm
admin, 12, added, article, 2, 2022-01-21 11:11:18pm
admin, 12, modified, article, 2 -> 2, 2022-01-22 12:47:59am
admin, 12, modified, article, 2 -> 2, 2022-01-22 01:12:01am
admin, 12, deleted, article, 2, 2022-01-22 01:12:09am
admin, 12, added, article, 1, 2022-01-22 01:12:39am
admin, 12, added, article, 2, 2022-01-22 01:13:21am
admin, 12, logged in, 2022-01-22 10:09:09am
admin, 12, modified, article, 2 -> 2, 2022-01-22 10:17:55am
admin, 12, added, article, 3, 2022-01-22 10:26:04am
admin, 12, modified, article, 3 -> 3, 2022-01-22 10:26:27am
admin, 12, modified, article, 3 -> 3, 2022-01-22 10:29:07am
admin, 12, modified, article, 3 -> 3, 2022-01-22 11:51:51am
admin, 12, logged out, 2022-01-22 09:17:43pm
admin, 12, logged in, 2022-01-22 09:18:11pm
admin, 12, logged out, 2022-01-22 09:18:18pm
admin, 12, logged in, 2022-01-22 09:18:38pm
admin, 12, logged, , 12, 2022-01-22 09:20:30pm
admin, 12, logged, , 12, 2022-01-22 09:21:03pm
admin, 12, logged, , 12, 2022-01-22 09:21:39pm
admin, 12, logged, , 12, 2022-01-22 09:21:41pm
admin, 12, logged out, 2022-01-22 09:21:42pm
user, 13, logged in, 2022-01-22 09:22:21pm
user, 13, logged out, 2022-01-22 09:22:31pm
admin, 12, logged in, 2022-01-22 09:22:37pm
admin, 12, added, admin, Fatteh Fati, 2022-01-22 09:23:06pm
admin, 12, logged out, 2022-01-22 09:23:12pm
admin, 19, logged in, 2022-01-22 09:23:19pm
admin, 19, modified, admin, 19, 2022-01-22 09:24:00pm
admin, 19, logged out, 2022-01-22 09:24:06pm
admin, 19, logged in, 2022-01-22 09:24:14pm
admin, 19, logged out, 2022-01-22 09:24:30pm
admin, 19, logged in, 2022-01-22 09:26:19pm
admin, 19, logged out, 2022-01-23 07:16:36pm
admin, 12, logged in, 2022-01-23 07:16:42pm
admin, 12, logged out, 2022-01-23 07:17:18pm
user, 13, logged in, 2022-01-23 07:17:19pm
user, 13, logged out, 2022-01-23 07:17:25pm
admin, 12, logged in, 2022-01-23 07:17:32pm
admin, 12, logged out, 2022-01-23 07:17:48pm
user, 13, logged in, 2022-01-23 07:17:49pm
user, 13, logged out, 2022-01-23 07:17:55pm
admin, 12, logged in, 2022-01-23 07:17:59pm
admin, 12, logged, , 12, 2022-01-23 07:20:40pm
admin, 12, modified, admin, 12, 2022-01-23 07:20:58pm
admin, 12, modified, user, 13, 2022-01-23 07:21:23pm
admin, 12, modified, admin, 19, 2022-01-23 07:21:45pm
admin, 12, searched, article, 1, 2022-01-23 07:35:09pm
admin, 12, searched, article, 1, 2022-01-23 07:35:58pm
admin, 12, searched, article, 1, 2022-01-23 07:43:10pm
admin, 12, searched, article, 1, 2022-01-23 07:43:12pm
admin, 12, added, article, 4, 2022-01-23 08:24:23pm
admin, 12, modified, article, 1 -> 1, 2022-01-23 08:27:37pm
admin, 12, added, categorie, Eau, 2022-01-23 08:28:19pm
admin, 12, deleted, categorie, 4, 2022-01-23 08:29:24pm
admin, 12, logged out, 2022-01-23 08:30:27pm
admin, 12, logged in, 2022-01-23 08:30:54pm
admin, 12, added, article, 5, 2022-01-23 08:32:40pm
admin, 12, modified nb, article, 5 ,2022-01-23 08:40:17pm
admin, 12, modified nb, article, 5 ,2022-01-23 08:40:29pm
admin, 12, searched, article, categorie : 1, 2022-01-23 08:45:05pm
admin, 12, searched, article, categorie : 6, 2022-01-23 08:45:10pm
admin, 12, searched, article, categorie : 6, 2022-01-23 08:45:27pm
admin, 12, searched, article, categorie : 6, 2022-01-23 08:46:22pm
admin, 12, searched, article, categorie : 6, 2022-01-23 08:46:23pm
admin, 12, searched, article, categorie : , 2022-01-23 08:49:18pm
admin, 12, searched, article, categorie : Eau Mineral, 2022-01-23 08:49:18pm
admin, 12, searched, article, categorie : , 2022-01-23 08:49:45pm
admin, 12, searched, article, categorie : Eau Mineral, 2022-01-23 08:49:45pm
admin, 12, searched, article, categorie : , 2022-01-23 08:50:02pm
admin, 12, searched, article, categorie : Eau Mineral, 2022-01-23 08:50:02pm
admin, 12, searched, article, categorie : , 2022-01-23 08:50:52pm
admin, 12, searched, article, categorie : Eau Mineral, 2022-01-23 08:50:52pm
admin, 12, searched, article, categorie : 6, 2022-01-23 08:53:06pm
admin, 12, searched, article, categorie : , 2022-01-23 08:53:12pm
admin, 12, searched, article, categorie : Eau Mineral, 2022-01-23 08:53:12pm
admin, 12, searched, article, categorie : , 2022-01-23 08:58:40pm
admin, 12, searched, article, categorie : Eau Mineral, 2022-01-23 08:58:40pm
admin, 12, searched, article, categorie : , 2022-01-23 09:00:01pm
admin, 12, searched, article, categorie : Eau Mineral, 2022-01-23 09:00:01pm
admin, 12, searched, article, categorie : 6, 2022-01-23 09:00:29pm
admin, 12, searched, article, categorie : 1, 2022-01-23 09:00:34pm
admin, 12, searched, article, categorie : 1, 2022-01-23 09:00:51pm
admin, 12, searched, article, categorie : , 2022-01-23 09:00:56pm
admin, 12, searched, article, categorie : Eau Mineral, 2022-01-23 09:00:56pm
admin, 12, searched, article, categorie : , 2022-01-23 09:01:38pm
admin, 12, searched, article, categorie : Eau Mineral, 2022-01-23 09:01:38pm
admin, 12, searched, article, categorie : , 2022-01-23 09:01:39pm
admin, 12, searched, article, categorie : Eau Mineral, 2022-01-23 09:01:39pm
admin, 12, searched, article, categorie : , 2022-01-23 09:02:02pm
admin, 12, searched, article, categorie : Eau Mineral, 2022-01-23 09:02:02pm
admin, 12, searched, article, categorie : , 2022-01-23 09:02:04pm
admin, 12, searched, article, categorie : Eau Mineral, 2022-01-23 09:02:04pm
admin, 12, searched, article, categorie : , 2022-01-23 09:02:18pm
admin, 12, searched, article, categorie : Eau Mineral, 2022-01-23 09:02:18pm
admin, 12, searched, article, 1, 2022-01-23 09:03:57pm
admin, 12, searched, article, 6, 2022-01-23 09:04:01pm
admin, 12, searched, article, 3, 2022-01-23 09:04:03pm
admin, 12, searched, article, 1, 2022-01-23 09:04:10pm
admin, 12, searched, article, 1, 2022-01-23 09:05:28pm
admin, 12, searched, article, 1, 2022-01-23 09:06:08pm
admin, 12, searched, article, 1, 2022-01-23 09:13:06pm
admin, 12, searched, article, 1, 2022-01-23 09:13:16pm
admin, 12, searched, article, 1, 2022-01-23 09:13:17pm
admin, 12, searched, article, 1, 2022-01-23 09:13:59pm
admin, 12, searched, article, Eau Mineral, 2022-01-23 09:16:58pm
admin, 12, searched, article, Eau Mineral, 2022-01-23 09:17:27pm
admin, 12, searched, article, Eau Mineral, 2022-01-23 09:17:48pm
admin, 12, searched, article, 1, 2022-01-23 09:20:58pm
admin, 12, searched, article, Eau Mineral, 2022-01-23 09:21:05pm
admin, 12, searched, article, Eau Mineral, 2022-01-23 09:23:15pm
admin, 12, searched, article, Eau Mineral, 2022-01-23 09:23:16pm
admin, 12, searched, article, Eau Mineral, 2022-01-23 09:24:08pm
admin, 12, searched, article, Eau Mineral, 2022-01-23 09:24:09pm
admin, 12, searched, article, Eau Mineral, 2022-01-23 09:24:16pm
admin, 12, searched, article, Eau Mineral, 2022-01-23 09:24:17pm
admin, 12, modified nb, article, 1 ,2022-01-23 09:24:23pm
admin, 12, searched, article, fournisseur : 1, 2022-01-23 09:30:32pm
admin, 12, searched, article, fournisseur : 1, 2022-01-23 09:31:17pm
admin, 12, searched, article, fournisseur : 1, 2022-01-23 09:31:19pm
admin, 12, searched, article, fournisseur : 1, 2022-01-23 09:31:36pm
admin, 12, searched, article, fournisseur : 1, 2022-01-23 09:31:37pm
admin, 12, searched, article, fournisseur : 1, 2022-01-23 09:31:52pm
admin, 12, searched, article, fournisseur : Heath, 2022-01-23 09:32:01pm
admin, 12, searched, article, categorie : , 2022-01-23 09:40:21pm
admin, 12, searched, article, categorie : Eau Mineral, 2022-01-23 09:40:21pm
admin, 12, searched, article, categorie : , 2022-01-23 09:41:44pm
admin, 12, searched, article, categorie : Eau Mineral, 2022-01-23 09:41:44pm
admin, 12, searched, article, categorie : , 2022-01-23 09:42:02pm
admin, 12, searched, article, categorie : Eau Mineral, 2022-01-23 09:42:02pm
admin, 12, searched, article, categorie : , 2022-01-23 09:42:03pm
admin, 12, searched, article, categorie : Eau Mineral, 2022-01-23 09:42:03pm
admin, 12, searched, article, categorie : , 2022-01-23 09:42:05pm
admin, 12, searched, article, categorie : Eau Mineral, 2022-01-23 09:42:05pm
admin, 12, searched, article, categorie : , 2022-01-23 09:42:10pm
admin, 12, searched, article, categorie : Eau Mineral, 2022-01-23 09:42:10pm
admin, 12, searched, article, categorie : , 2022-01-23 09:42:17pm
admin, 12, searched, article, categorie : Eau Mineral, 2022-01-23 09:42:17pm
admin, 12, searched, article, categorie : , 2022-01-23 09:42:18pm
admin, 12, searched, article, categorie : Eau Mineral, 2022-01-23 09:42:18pm
admin, 12, searched, article, categorie : 1, 2022-01-23 09:42:30pm
admin, 12, searched, article, categorie : , 2022-01-23 09:42:36pm
admin, 12, searched, article, categorie : Eau Mineral, 2022-01-23 09:42:36pm
admin, 12, searched, article, categorie : , 2022-01-23 09:42:51pm
admin, 12, searched, article, categorie : Eau Mineral, 2022-01-23 09:42:51pm
admin, 12, searched, article, categorie : , 2022-01-23 09:42:53pm
admin, 12, searched, article, categorie : Eau Mineral, 2022-01-23 09:42:53pm
admin, 12, searched, article, categorie : , 2022-01-23 09:43:13pm
admin, 12, searched, article, categorie : Eau Mineral, 2022-01-23 09:43:13pm
admin, 12, modified, article, 1 -> 1, 2022-01-23 09:46:02pm
admin, 12, searched, article, categorie : , 2022-01-23 09:46:09pm
admin, 12, searched, article, categorie : Eau Mineral, 2022-01-23 09:46:09pm
admin, 12, searched, article, 1.5L, 2022-01-23 09:46:27pm
admin, 12, logged out, 2022-01-24 01:30:11am
admin, 12, logged in, 2022-01-24 01:30:35am
user, 13, logged in, 2022-01-24 10:30:00am
user, 13, logged out, 2022-01-24 10:32:21am
admin, 12, logged in, 2022-01-24 10:32:34am
admin, 12, searched, article, 1, 2022-01-24 10:43:58am
admin, 12, searched, user, 1, 2022-01-24 10:47:02am
admin, 12, logged, , 19, 2022-01-24 10:48:11am
admin, 12, logged out, 2022-01-24 10:50:20am
admin, 12, logged in, 2022-01-24 10:50:37am
admin, 12, logged in, 2022-01-24 11:09:39am
admin, 12, logged, , 12, 2022-01-24 11:29:26am
admin, 12, logged, , 12, 2022-01-24 11:29:30am
admin, 12, searched, categorie, Eau Mineral, 2022-01-24 11:31:30am
admin, 12, logged, , 12, 2022-01-24 11:31:38am
admin, 12, searched, article, categorie : , 2022-01-24 11:32:06am
admin, 12, searched, article, categorie : Eau Mineral, 2022-01-24 11:32:06am
admin, 12, logged, , 12, 2022-01-24 11:32:12am
admin, 12, searched, categorie, Eau Mineral, 2022-01-24 11:33:51am
admin, 12, logged, , 12, 2022-01-24 11:33:57am
admin, 12, searched, article, categorie : Eau Mineral, 2022-01-24 11:34:10am
admin, 12, logged, , 12, 2022-01-24 11:34:14am
admin, 12, searched, article, categorie : 1, 2022-01-24 11:34:28am
admin, 12, logged, , 12, 2022-01-24 11:34:38am
admin, 12, logged, , 12, 2022-01-24 11:57:02am
admin, 12, logged out, 2022-01-24 01:30:12pm
admin, 12, logged in, 2022-01-24 01:31:54pm
admin, 12, logged in, 2022-01-24 07:46:28pm
admin, 12, added, categorie, Lait, 2022-01-24 07:49:14pm
admin, 12, logged, , 12, 2022-01-24 09:08:24pm
admin, 12, logged, , 18, 2022-01-24 09:14:56pm
admin, 12, logged out, 2022-01-24 09:15:48pm
user, 13, logged in, 2022-01-24 09:23:35pm
user, 13, logged out, 2022-01-24 09:28:07pm
admin, 12, logged in, 2022-01-24 09:28:14pm
user, 13, logged in, 2022-01-25 01:16:06am
user, 13, logged out, 2022-01-25 01:17:56am
admin, 12, logged in, 2022-01-25 01:18:07am
admin, 12, logged, , 12, 2022-01-25 01:50:59am
admin, 12, logged in, 2022-01-25 02:08:54am
admin, 12, logged in, 2022-01-25 10:20:22am
admin, 12, searched, article, 1, 2022-01-25 11:25:26am
admin, 12, searched, article, Eau Mineral, 2022-01-25 11:25:44am
admin, 12, searched, article, Eau Mineral, 2022-01-25 11:28:51am
admin, 12, searched, article, Eau Mineral, 2022-01-25 11:28:53am
admin, 12, searched, article, Eau Mineral, 2022-01-25 11:28:54am
admin, 12, searched, article, Eau Mineral, 2022-01-25 11:28:56am
admin, 12, searched, article, Eau Mineral, 2022-01-25 11:29:00am
admin, 12, searched, article, Eau Mineral, 2022-01-25 11:29:01am
admin, 12, searched, article, Eau Mineral, 2022-01-25 11:29:02am
admin, 12, searched, article, Eau Mineral, 2022-01-25 11:29:03am
admin, 12, searched, article, Eau Mineral, 2022-01-25 11:29:52am
admin, 12, searched, article, Eau Mineral, 2022-01-25 11:30:03am
admin, 12, searched, article, Eau Mineral, 2022-01-25 11:30:04am
admin, 12, searched, article, Eau Mineral, 2022-01-25 11:30:10am
admin, 12, searched, article, Eau Mineral, 2022-01-25 11:30:11am
admin, 12, searched, article, Eau Mineral, 2022-01-25 11:30:12am
admin, 12, searched, article, Eau Mineral, 2022-01-25 11:30:29am
admin, 12, searched, article, Eau Mineral, 2022-01-25 11:30:30am
admin, 12, searched, article, Eau Mineral, 2022-01-25 11:30:31am
admin, 12, searched, article, Eau Mineral, 2022-01-25 11:30:32am
admin, 12, searched, article, Eau Mineral, 2022-01-25 11:30:38am
admin, 12, searched, article, Eau Mineral, 2022-01-25 11:30:39am
admin, 12, searched, article, 1, 2022-01-25 11:31:42am
admin, 12, searched, article, Eau Mineral, 2022-01-25 11:31:47am
admin, 12, searched, article, Eau Mineral, 2022-01-25 11:32:00am
admin, 12, searched, article, Eau Mineral, 2022-01-25 11:32:02am
admin, 12, searched, article, Eau Mineral, 2022-01-25 11:32:15am
admin, 12, searched, article, Eau Mineral, 2022-01-25 11:32:16am
admin, 12, searched, article, Eau Mineral, 2022-01-25 11:32:17am
admin, 12, searched, article, Eau Mineral, 2022-01-25 11:32:18am
admin, 12, searched, article, 1, 2022-01-25 11:32:43am
admin, 12, searched, article, 1, 2022-01-25 11:33:10am
admin, 12, searched, article, Eau Mineral, 2022-01-25 11:33:14am
admin, 12, searched, article, Eau Mineral, 2022-01-25 11:33:20am
admin, 12, searched, article, Eau Mineral, 2022-01-25 11:33:21am
admin, 12, searched, article, 1, 2022-01-25 11:33:37am
admin, 12, logged out, 2022-01-25 11:52:28am
admin, 12, logged in, 2022-01-25 11:55:52am
admin, 12, logged, , 12, 2022-01-25 12:41:13pm
admin, 12, logged, , 13, 2022-01-25 12:41:15pm
admin, 12, logged, , 18, 2022-01-25 12:41:17pm
admin, 12, logged, , 12, 2022-01-25 12:41:23pm
user, 13, logged in, 2022-01-25 06:13:53pm
user, 13, searched, fournisseur, CIN : S123 456, 2022-01-25 06:16:58pm
user, 13, searched, fournisseur, CIN : S123 456, 2022-01-25 06:20:44pm
user, 13, searched, fournisseur, CIN : S123 456, 2022-01-25 06:21:02pm
user, 13, searched, fournisseur, CIN :   S123 456, 2022-01-25 06:21:08pm
user, 13, searched, fournisseur, CIN : 	S123 456, 2022-01-25 06:21:40pm
user, 13, searched, fournisseur, CIN : 	S123 456, 2022-01-25 06:21:42pm
user, 13, searched, fournisseur, CIN : 	S123 456, 2022-01-25 06:21:54pm
user, 13, searched, fournisseur, CIN : 	  S123 456, 2022-01-25 06:21:58pm
user, 13, searched, fournisseur, CIN : 	  S123 456, 2022-01-25 06:22:13pm
user, 13, searched, fournisseur, CIN : 	  S123 456, 2022-01-25 06:22:19pm
user, 13, searched, fournisseur, CIN : S123 456, 2022-01-25 06:22:28pm
user, 13, searched, fournisseur, CIN : S1232456, 2022-01-25 06:22:35pm
user, 13, searched, fournisseur, CIN : S123 456, 2022-01-25 06:22:43pm
user, 13, searched, fournisseur, CIN : S123 456, 2022-01-25 06:23:09pm
admin, 12, logged in, 2022-01-25 07:08:12pm
admin, 12, logged, , 12, 2022-01-25 07:12:11pm
admin, 12, logged out, 2022-01-25 07:13:09pm
user, 13, logged in, 2022-01-25 07:13:11pm
user, 13, logged out, 2022-01-25 07:19:54pm
admin, 12, logged in, 2022-01-25 07:20:00pm
admin, 12, searched, user, Otmane, 2022-01-25 07:20:14pm
admin, 12, searched, user, Otmane Fatteh, 2022-01-25 07:20:20pm
admin, 12, searched, user, Fatteh Otmane, 2022-01-25 07:20:28pm
admin, 12, searched, user, Otmane Fatteh, 2022-01-25 07:23:52pm
admin, 12, searched, user, Fatteh Otmane, 2022-01-25 07:24:00pm
admin, 12, searched, user, test, 2022-01-25 07:24:05pm
admin, 12, searched, user, Otmane Fatteh, 2022-01-25 07:24:09pm
admin, 12, searched, user, Otmane Fatteh, 2022-01-25 07:25:14pm
admin, 12, searched, user, 12, 2022-01-25 07:27:25pm
admin, 12, logged, , 12, 2022-01-25 07:33:06pm
admin, 12, searched, fournisseur, Nom_Prenom : Heath, 2022-01-25 07:33:32pm
admin, 12, searched, fournisseur, Nom_Prenom : Heath Bender, 2022-01-25 07:33:41pm
admin, 12, logged out, 2022-01-25 07:40:36pm
admin, 12, logged in, 2022-01-25 07:40:49pm
admin, 12, logged in, 2022-01-25 10:21:24pm
admin, 12, logged, , 12, 2022-01-25 10:25:00pm
admin, 12, logged in, 2022-01-25 11:25:45pm
admin, 12, logged, , 12, 2022-01-25 11:26:21pm
admin, 12, searched, article, categorie : 6, 2022-01-25 11:31:24pm
admin, 12, searched, article, categorie : 7, 2022-01-25 11:31:28pm
admin, 12, logged in, 2022-01-26 01:45:19pm
admin, 12, logged out, 2022-01-26 01:45:26pm
admin, 12, logged in, 2022-01-26 02:14:02pm
admin, 12, logged in, 2022-01-26 02:15:49pm
admin, 12, searched, article, categorie : 1, 2022-01-26 08:20:45pm
admin, 12, searched, article, categorie : -1, 2022-01-26 08:20:53pm
admin, 12, searched, article, categorie : 1, 2022-01-26 08:20:56pm
admin, 12, logged, , Otmane Fatteh, 2022-01-26 08:29:53pm
admin, 12, logged, , Otmane Fatteh, 2022-01-26 08:31:21pm
admin, 12, logged in, 2022-01-27 01:02:49pm
admin, 12, logged in, 2022-01-27 01:46:21pm
admin, 12, logged out, 2022-01-27 01:46:30pm
user, 13, logged in, 2022-01-27 01:46:36pm
user, 13, logged out, 2022-01-27 01:46:42pm
user, 13, logged in, 2022-01-27 01:46:43pm
user, 13, logged out, 2022-01-27 01:47:33pm
admin, 12, logged in, 2022-01-27 01:47:38pm
admin, 12, logged in, 2022-01-27 07:14:36pm
admin, 12, logged out, 2022-01-27 07:15:28pm
user, 13, logged in, 2022-01-27 07:15:53pm
user, 13, logged out, 2022-01-27 07:16:51pm
admin, 12, logged in, 2022-01-27 07:17:05pm
admin, 12, logged, , 12, 2022-01-27 07:17:17pm
user, 13, logged in, 2022-01-27 09:55:03pm
user, 13, logged out, 2022-01-27 09:55:54pm
admin, 12, logged in, 2022-01-28 01:17:31am
admin, 12, logged out, 2022-01-28 01:29:03am
admin, 12, logged in, 2022-01-29 10:33:09am
admin, 12, logged, , 12, 2022-01-29 10:35:24am
admin, 12, logged, , 12, 2022-01-29 10:37:25am
admin, 12, logged, , 15, 2022-01-29 10:38:15am
admin, 12, logged out, 2022-01-29 10:40:37am
user, 13, logged in, 2022-01-29 10:40:39am
user, 13, logged out, 2022-01-29 10:41:36am
admin, 12, logged in, 2022-01-29 10:41:42am
user, 13, logged in, 2022-01-29 10:43:55am
admin, 12, logged in, 2022-01-29 10:48:26am
admin, 12, logged out, 2022-01-29 12:05:07pm
user, 13, logged in, 2022-01-29 12:05:12pm
user, 13, logged out, 2022-01-29 12:06:29pm
admin, 12, logged in, 2022-01-29 12:06:34pm
admin, 12, logged in, 2022-01-31 07:12:55pm
admin, 12, logged, , 12, 2022-01-31 07:13:24pm
admin, 12, logged in, 2022-01-31 10:59:39pm
admin, 12, logged, , 19, 2022-01-31 11:00:19pm
user, 13, logged in, 2022-01-31 11:19:32pm
admin, 12, logged in, 2022-02-02 08:56:39pm
admin, 12, logged in, 2022-02-03 06:04:16pm
admin, 12, logged, , 12, 2022-02-03 06:07:33pm
user, 13, logged in, 2022-02-09 01:58:34pm
user, 13, logged out, 2022-02-09 01:58:40pm
admin, 12, logged in, 2022-02-09 01:58:51pm
admin, 12, logged in, 2022-02-10 11:43:22pm
admin, 12, logged in, 2022-02-12 01:54:22pm
admin, 12, logged, , 18, 2022-02-12 01:54:38pm
admin, 12, logged, , 12, 2022-02-12 01:54:44pm
admin, 12, logged out, 2022-02-12 01:55:00pm
admin, 12, logged in, 2022-02-18 10:21:08am
admin, 12, logged, , 1, 2022-02-18 10:21:58am
admin, 12, logged, , 18, 2022-02-18 10:22:01am
admin, 12, logged out, 2022-02-18 10:27:51am
user, 13, logged in, 2022-02-18 10:27:53am
admin, 19, logged in, 2022-02-18 12:47:29pm
admin, 19, logged, , 19, 2022-02-18 12:47:45pm
admin, 12, logged in, 2022-02-18 03:16:43pm
admin, 12, logged in, 2022-02-22 08:45:09pm
admin, 12, searched, article, test, 2022-02-22 08:45:16pm
admin, 12, searched, article, eau, 2022-02-22 08:45:22pm
admin, 12, searched, article, Eau, 2022-02-22 08:45:28pm
admin, 12, logged out, 2022-02-22 08:47:54pm
admin, 19, logged in, 2022-02-22 08:48:03pm
admin, 19, logged out, 2022-02-22 08:49:07pm
admin, 12, logged in, 2022-02-22 08:49:28pm
admin, 12, logged out, 2022-02-22 08:52:02pm
user, 13, logged in, 2022-02-22 08:52:04pm
user, 13, searched, article, fournisseur : 4, 2022-02-22 08:54:03pm
user, 13, logged out, 2022-02-22 09:16:09pm
admin, 12, logged in, 2022-02-22 09:16:14pm
admin, 12, searched, article, categorie : 1, 2022-02-22 09:18:28pm
admin, 12, searched, article, categorie : 6, 2022-02-22 09:18:31pm
admin, 12, searched, article, categorie : 1, 2022-02-22 09:18:36pm
admin, 12, searched, article, categorie : 1, 2022-02-22 09:18:42pm
admin, 12, searched, article, categorie : 7, 2022-02-22 09:18:48pm
admin, 12, searched, article, categorie : 6, 2022-02-22 09:18:52pm
admin, 12, searched, article, categorie : 1, 2022-02-22 09:18:55pm
admin, 12, searched, article, categorie : 1, 2022-02-22 09:19:06pm
admin, 12, searched, article, categorie : 1, 2022-02-22 09:19:22pm
admin, 12, searched, fournisseur, CIN : ID234124, 2022-02-22 11:39:59pm
admin, 12, searched, article, categorie : 1, 2022-02-22 11:55:43pm
admin, 12, logged, , 12, 2022-02-22 11:57:59pm
admin, 12, logged in, 2022-02-23 09:51:12pm
admin, 12, searched, article, categorie : 6, 2022-02-23 10:34:38pm
admin, 12, searched, article, categorie : 6, 2022-02-23 10:34:42pm
admin, 12, logged out, 2022-02-23 11:21:56pm
admin, 12, logged in, 2022-02-25 06:23:36pm
admin, 12, logged, , 12, 2022-02-25 06:24:19pm
admin, 12, logged, , 12, 2022-02-25 06:24:30pm
admin, 12, logged out, 2022-02-25 07:06:00pm
admin, 12, logged in, 2022-02-25 07:48:46pm
admin, 12, logged out, 2022-02-25 08:52:58pm
admin, 12, logged in, 2022-02-25 08:53:29pm
admin, 12, logged in, 2022-02-26 06:29:47pm
admin, 12, logged in, 2022-02-26 06:44:39pm
admin, 12, logged, , 12, 2022-02-26 06:46:43pm
admin, 12, deleted, user, 18, 2022-02-26 06:48:09pm
admin, 12, searched, user, Fatteh Otmane, 2022-02-26 06:48:33pm
admin, 12, logged, , 12, 2022-02-26 06:48:41pm
admin, 12, logged out, 2022-02-26 06:49:19pm
user, 13, logged in, 2022-02-26 06:49:25pm
user, 13, logged out, 2022-02-26 06:49:38pm
admin, 19, logged in, 2022-02-26 06:49:54pm
admin, 19, searched, article, Eau Mineral, 2022-02-26 06:51:06pm
admin, 19, searched, article, Ain Saiss, 2022-02-26 06:51:29pm
admin, 19, searched, article, 1, 2022-02-26 06:51:52pm
admin, 19, searched, article, categorie : 1, 2022-02-26 06:52:03pm
admin, 19, searched, article, categorie : Eau, 2022-02-26 06:52:16pm
admin, 19, searched, article, fournisseur : 1, 2022-02-26 06:52:25pm
admin, 19, modified, article, 2 -> 2, 2022-02-26 06:52:57pm
admin, 19, searched, categorie, Eau, 2022-02-26 06:53:53pm
admin, 19, searched, categorie, Eau Mineral, 2022-02-26 06:54:03pm
admin, 19, searched, article, categorie : 6, 2022-02-26 06:54:22pm
admin, 19, modified nb, article, 1 ,2022-02-26 06:54:48pm
admin, 19, searched, fournisseur, CIN : 	ID12345, 2022-02-26 06:55:35pm
admin, 19, searched, fournisseur, CIN : ID12345, 2022-02-26 06:55:45pm
admin, 19, logged out, 2022-02-26 06:56:59pm
admin, 12, logged in, 2022-02-26 06:57:57pm
admin, 12, modified, article, 2 -> 2, 2022-02-26 07:00:11pm
admin, 12, logged in, 2022-02-26 07:04:49pm
admin, 12, logged, , 19, 2022-02-26 07:05:01pm
admin, 12, logged, , 230, 2022-02-26 07:08:35pm
admin, 12, logged out, 2022-02-26 07:14:58pm
admin, 12, logged in, 2022-02-26 07:15:23pm
admin, 12, logged, , 12, 2022-02-26 07:15:33pm
